{
	"credit": "Made with Blockbench",
	"parent": "block/block",
	"textures": {
		"0": "block/brick_stairs",
		"particle": "block/bricks"
	},
	"elements": [
		{
			"from": [0, 0, 0],
			"to": [16, 8, 16],
			"faces": {
				"north": {"uv": [0, 3, 2, 4], "texture": "#0", "cullface": "north"},
				"east": {"uv": [6, 5, 8, 6], "texture": "#0", "cullface": "east"},
				"south": {"uv": [4, 1, 6, 2], "texture": "#0", "cullface": "south"},
				"up": {"uv": [4, 8, 6, 10], "texture": "#0"}
			}
		},
		{
			"from": [0, 8, 0],
			"to": [8, 16, 16],
			"faces": {
				"north": {"uv": [1, 2, 2, 3], "texture": "#0", "cullface": "north"},
				"east": {"uv": [6, 4, 8, 5], "texture": "#0"},
				"south": {"uv": [4, 0, 5, 1], "texture": "#0", "cullface": "south"},
				"up": {"uv": [4, 8, 5, 10], "texture": "#0", "cullface": "up"}
			}
		},
		{
			"from": [0, 0, 0],
			"to": [0, 16, 16],
			"faces": {
				"west": {"uv": [2, 6, 4, 8], "texture": "#0", "cullface": "west"}
			}
		}
	]
}