{
	"credit": "Made with Blockbench",
	"parent": "block/block",
	"textures": {
		"0": "block/brick_stairs",
		"particle": "block/bricks"
	},
	"elements": [
		{
			"from": [0, 0, 0],
			"to": [16, 8, 16],
			"faces": {
				"north": {"uv": [6, 3, 8, 4], "texture": "#0", "cullface": "north"},
				"east": {"uv": [4, 5, 6, 6], "texture": "#0", "cullface": "east"},
				"south": {"uv": [2, 5, 4, 6], "texture": "#0", "cullface": "south"},
				"west": {"uv": [0, 1, 2, 2], "texture": "#0", "cullface": "west"},
				"up": {"uv": [2, 12, 4, 14], "texture": "#0"}
			}
		},
		{
			"from": [0, 8, 0],
			"to": [8, 16, 8],
			"faces": {
				"north": {"uv": [7, 2, 8, 3], "texture": "#0", "cullface": "north"},
				"east": {"uv": [5, 4, 6, 5], "texture": "#0"},
				"south": {"uv": [2, 4, 3, 5], "texture": "#0"},
				"west": {"uv": [0, 0, 1, 1], "texture": "#0", "cullface": "west"},
				"up": {"uv": [2, 12, 3, 13], "texture": "#0", "cullface": "up"}
			}
		}
	]
}