{
	"credit": "Made with Blockbench",
	"parent": "block/block",
	"textures": {
		"0": "block/brick_stairs",
		"particle": "block/bricks"
	},
	"elements": [
		{
			"from": [0, 0, 0],
			"to": [16, 8, 16],
			"faces": {
				"north": {"uv": [4, 3, 6, 4], "texture": "#0", "cullface": "north"},
				"east": {"uv": [2, 5, 4, 6], "texture": "#0", "cullface": "east"},
				"south": {"uv": [0, 5, 2, 6], "texture": "#0", "cullface": "south"},
				"west": {"uv": [6, 1, 8, 2], "texture": "#0", "cullface": "west"},
				"up": {"uv": [0, 12, 2, 14], "texture": "#0"}
			}
		},
		{
			"from": [0, 8, 0],
			"to": [8, 16, 8],
			"faces": {
				"north": {"uv": [5, 2, 6, 3], "texture": "#0", "cullface": "north"},
				"east": {"uv": [3, 4, 4, 5], "texture": "#0"},
				"south": {"uv": [0, 4, 1, 5], "texture": "#0"},
				"west": {"uv": [6, 0, 7, 1], "texture": "#0", "cullface": "west"},
				"up": {"uv": [0, 12, 1, 13], "texture": "#0", "cullface": "up"}
			}
		}
	]
}