{
	"credit": "Made with Blockbench",
	"parent": "block/block",
	"textures": {
		"0": "block/brick_stairs",
		"particle": "block/bricks"
	},
	"elements": [
		{
			"from": [0, 0, 0],
			"to": [16, 8, 16],
			"faces": {
				"east": {"uv": [4, 3, 6, 4], "texture": "#0", "cullface": "east"},
				"south": {"uv": [2, 1, 4, 2], "texture": "#0", "cullface": "south"},
				"up": {"uv": [0, 8, 2, 10], "rotation": 90, "texture": "#0"}
			}
		},
		{
			"from": [0, 8, 0],
			"to": [8, 16, 16],
			"faces": {
				"east": {"uv": [4, 4, 6, 5], "texture": "#0"},
				"south": {"uv": [2, 0, 3, 1], "texture": "#0", "cullface": "south"},
				"up": {"uv": [0, 11, 2, 12], "rotation": 90, "texture": "#0", "cullface": "up"}
			}
		},
		{
			"from": [0, 0, 0],
			"to": [16, 16, 16],
			"faces": {
				"north": {"uv": [6, 6, 8, 8], "texture": "#0", "cullface": "north"},
				"west": {"uv": [0, 6, 2, 8], "texture": "#0", "cullface": "west"}
			}
		},
		{
			"from": [8, 8, 0],
			"to": [16, 16, 8],
			"faces": {
				"east": {"uv": [5, 2, 6, 3], "texture": "#0", "cullface": "east"},
				"south": {"uv": [3, 4, 4, 5], "texture": "#0"},
				"up": {"uv": [0, 8, 1, 9], "rotation": 90, "texture": "#0", "cullface": "up"}
			}
		}
	]
}